Workbook

Sheet Hoja1
A1: Código | B1: Tienda | C1: Seco | D1: Charcu | E1: FyV | F1: Fecha servicio | G1: zona | M1: Proveedor | N1: Pedido | O1: Pallets
A2: 102 | B2: VALDEBRUMA | C2: 6 | D2: 5 | E2: 3 | F2: =TODAY() -> 46196 | G2: =+VLOOKUP(A2,'maestro tiendas'!A:C, 3, 0) -> NOCTURNA | M2: SABORES DEL LEVANTE, S.L. | N2: PC2783690 | O2: 1.17
A3: 103 | B3: MONTECLARO II | C3: 8 | D3: 5 | E3: 2 | F3: =TODAY() -> 46196 | G3: =+VLOOKUP(A3,'maestro tiendas'!A:C, 3, 0) -> ALICANTE | M3: SABORES DEL LEVANTE, S.L. | N3: PC2783691 | O3: 0.23
A4: 104 | B4: PUERTO AZUL | C4: 8 | D4: 5 | E4: 2.5 | F4: =TODAY() -> 46196 | G4: =+VLOOKUP(A4,'maestro tiendas'!A:C, 3, 0) -> MURCIA | M4: DISTRIBUCIONES MONTEVERDE, S.A. | N4: PC2784204 | O4: 3.39
A5: 105 | B5: SAN ROBERTO DE LA SIERRA | C5: 8 | D5: 5 | E5: 2 | F5: =TODAY() -> 46196 | G5: =+VLOOKUP(A5,'maestro tiendas'!A:C, 3, 0) -> MURCIA | M5: BEBIDAS ATLÁNTICA | N5: PC2784366 | O5: 29
A6: 107 | B6: ALDORIA-PLAZA MAYOR | C6: 7 | D6: 4 | E6: 3 | F6: =TODAY() -> 46196 | G6: =+VLOOKUP(A6,'maestro tiendas'!A:C, 3, 0) -> ALCOY | M6: CERVEZAS COSTA DORADA M.P. | N6: PC2784367 | O6: 16
A7: 108 | B7: RIOSECO | C7: 6 | D7: 2 | E7: 2 | F7: =TODAY() -> 46196 | G7: =+VLOOKUP(A7,'maestro tiendas'!A:C, 3, 0) -> MURCIA | M7: DULCECAMPO - VALDIA | N7: PC2784437 | O7: 44.44
A8: 109 | B8: VILLASOL | C8: 8 | D8: 5 | E8: 3.5 | F8: =TODAY() -> 46196 | G8: =+VLOOKUP(A8,'maestro tiendas'!A:C, 3, 0) -> SAN VICENTE | M8: DULCECAMPO - VALDIA | N8: PC2784438 | O8: 41.25
A9: 11 | B9: LAGUNARES | C9: 8 | D9: 2 | E9: 3 | F9: =TODAY() -> 46196 | G9: =+VLOOKUP(A9,'maestro tiendas'!A:C, 3, 0) -> VALENCIA | M9: DULCECAMPO - VILLAVERDE | N9: PC2784439 | O9: 4.43
A10: 110 | B10: PINAR DE LA VEGA | C10: 8 | D10: 4 | E10: 2 | F10: =TODAY() -> 46196 | G10: =+VLOOKUP(A10,'maestro tiendas'!A:C, 3, 0) -> NORTE | M10: DULCECAMPO - VILLAVERDE | N10: PC2784440 | O10: 2
A11: 114 | B11: COSTABRISA-RACÓ | C11: 8 | D11: 5 | E11: 2 | F11: =TODAY() -> 46196 | G11: =+VLOOKUP(A11,'maestro tiendas'!A:C, 3, 0) -> ALICANTE | M11: DULCECAMPO - VILLAVERDE | N11: PC2784441 | O11: 1.43
A12: 115 | B12: COSTABRISA-BENARDA | C12: 5 | D12: 3 | E12: 0 | F12: =TODAY() -> 46196 | G12: =+VLOOKUP(A12,'maestro tiendas'!A:C, 3, 0) -> ALICANTE | M12: DULCECAMPO - VILLAVERDE | N12: PC2784442 | O12: 6
A13: 116 | B13: COSTABRISA-COMILLAS | C13: 8 | D13: 2 | E13: 1 | F13: =TODAY() -> 46196 | G13: =+VLOOKUP(A13,'maestro tiendas'!A:C, 3, 0) -> ALICANTE | M13: DULCECAMPO - VILLAVERDE | N13: PC2784443 | O13: 13.71
... A23: 132 | B23: FUENTECLARA | C23: 8 | D23: 3 | E23: 2 | F23: =TODAY() -> 46196 | G23: =+VLOOKUP(A23,'maestro tiendas'!A:C, 3, 0) -> NORTE | M23: NOVA FOODS INFANTIL M.P. | N23: PC2784445 | O23: 0.17
A24: 133 | B24: EL SAUZAL | C24: 5 | D24: 5 | E24: 3 | F24: =TODAY() -> 46196 | G24: =+VLOOKUP(A24,'maestro tiendas'!A:C, 3, 0) -> MURCIA
A25: 134 | B25: LOS PINARES | C25: 8 | D25: 5 | E25: 0 | F25: =TODAY() -> 46196 | G25: =+VLOOKUP(A25,'maestro tiendas'!A:C, 3, 0) -> MURCIA
A26: 137 | B26: BENIALBA | C26: 6 | D26: 2 | E26: 2 | F26: =TODAY() -> 46196 | G26: =+VLOOKUP(A26,'maestro tiendas'!A:C, 3, 0) -> CASTELLON
A27: 138 | B27: SAN LORENZO DEL MORO | C27: 7 | D27: 3 | E27: 1 | F27: =TODAY() -> 46196 | G27: =+VLOOKUP(A27,'maestro tiendas'!A:C, 3, 0) -> CASTELLON
A28: 139 | B28: BENIRROSA | C28: 7 | D28: 5 | E28: 0 | F28: =TODAY() -> 46196 | G28: =+VLOOKUP(A28,'maestro tiendas'!A:C, 3, 0) -> VALENCIA
A29: 14 | B29: GATELLA | C29: 8 | D29: 3 | E29: 0 | F29: =TODAY() -> 46196 | G29: =+VLOOKUP(A29,'maestro tiendas'!A:C, 3, 0) -> ALICANTE
A30: 140 | B30: VALDIA-M.CATALÁ | C30: 8 | D30: 5 | E30: 3 | F30: =TODAY() -> 46196 | G30: =+VLOOKUP(A30,'maestro tiendas'!A:C, 3, 0) -> VALENCIA
A31: 144 | B31: CARRASCAL | C31: 5 | D31: 2 | E31: 2 | F31: =TODAY() -> 46196 | G31: =+VLOOKUP(A31,'maestro tiendas'!A:C, 3, 0) -> VALENCIA
A32: 146 | B32: VALDIA UNIVERSIDAD | C32: 5 | D32: 2 | E32: 3 | F32: =TODAY() -> 46196 | G32: =+VLOOKUP(A32,'maestro tiendas'!A:C, 3, 0) -> VALENCIA
A33: 147 | B33: GUADALVERA | C33: 8 | D33: 3 | E33: 3 | F33: =TODAY() -> 46196 | G33: =+VLOOKUP(A33,'maestro tiendas'!A:C, 3, 0) -> VALENCIA
A34: 148 | B34: TAVERNAL | C34: 8 | D34: 5 | E34: 2 | F34: =TODAY() -> 46196 | G34: =+VLOOKUP(A34,'maestro tiendas'!A:C, 3, 0) -> VALENCIA
A35: 151 | B35: VILLASOL-C/PINTOR | C35: 7 | D35: 5 | E35: 1.5 | F35: =TODAY() -> 46196 | G35: =+VLOOKUP(A35,'maestro tiendas'!A:C, 3, 0) -> SAN VICENTE
... A107: 98 | B107: S. LORENZO-YUNKE | C107: 7 | D107: 5 | E107: 1 | F107: =TODAY() -> 46196 | G107: =+VLOOKUP(A107,'maestro tiendas'!A:C, 3, 0) -> SAN VICENTE
G108: =+VLOOKUP(A108,'maestro tiendas'!A:C, 3, 0) -> #N/A
G109: =+VLOOKUP(A109,'maestro tiendas'!A:C, 3, 0) -> #N/A
G110: =+VLOOKUP(A110,'maestro tiendas'!A:C, 3, 0) -> #N/A
G111: =+VLOOKUP(A111,'maestro tiendas'!A:C, 3, 0) -> #N/A
G112: =+VLOOKUP(A112,'maestro tiendas'!A:C, 3, 0) -> #N/A
G113: =+VLOOKUP(A113,'maestro tiendas'!A:C, 3, 0) -> #N/A
G114: =+VLOOKUP(A114,'maestro tiendas'!A:C, 3, 0) -> #N/A
G115: =+VLOOKUP(A115,'maestro tiendas'!A:C, 3, 0) -> #N/A
G116: =+VLOOKUP(A116,'maestro tiendas'!A:C, 3, 0) -> #N/A
G117: =+VLOOKUP(A117,'maestro tiendas'!A:C, 3, 0) -> #N/A
G118: =+VLOOKUP(A118,'maestro tiendas'!A:C, 3, 0) -> #N/A
G119: =+VLOOKUP(A119,'maestro tiendas'!A:C, 3, 0) -> #N/A
... G219: =+VLOOKUP(A219,'maestro tiendas'!A:C, 3, 0) -> #N/A

Sheet maestro tiendas
A1: Tienda | B1: NOMBRE | C1: ZONA | D1: CHECK
A2: 3 | B2: PEDRAVAL-SUPER 2 | C2: ALICANTE | D2: =+IF(Tabla1[[#This Row],[Tienda]]<>"", IFERROR( VLOOKUP(Tabla1[[#This Row],[Tienda]], Hoja1!A:A, 1, 0), "FALTA TIENDA"), "") -> 3 | F2: FALTA TIENDA | G2: =+COUNTIF( D:D,F2) -> 8
A3: 4 | B3: BENALUZ | C3: ALICANTE | D3: =+IF(Tabla1[[#This Row],[Tienda]]<>"", IFERROR( VLOOKUP(Tabla1[[#This Row],[Tienda]], Hoja1!A:A, 1, 0), "FALTA TIENDA"), "") -> 4
A4: 5 | B4: OLIVAR | C4: ALICANTE | D4: =+IF(Tabla1[[#This Row],[Tienda]]<>"", IFERROR( VLOOKUP(Tabla1[[#This Row],[Tienda]], Hoja1!A:A, 1, 0), "FALTA TIENDA"), "") -> 5
A5: 6 | B5: CAMINO REAL | C5: ALICANTE | D5: =+IF(Tabla1[[#This Row],[Tienda]]<>"", IFERROR( VLOOKUP(Tabla1[[#This Row],[Tienda]], Hoja1!A:A, 1, 0), "FALTA TIENDA"), "") -> 6
A6: 7 | B6: XABALIA-BORRULL | C6: ALICANTE | D6: =+IF(Tabla1[[#This Row],[Tienda]]<>"", IFERROR( VLOOKUP(Tabla1[[#This Row],[Tienda]], Hoja1!A:A, 1, 0), "FALTA TIENDA"), "") -> 7
A7: 8 | B7: ADUANES MAR | C7: ALICANTE | D7: =+IF(Tabla1[[#This Row],[Tienda]]<>"", IFERROR( VLOOKUP(Tabla1[[#This Row],[Tienda]], Hoja1!A:A, 1, 0), "FALTA TIENDA"), "") -> 8
A8: 11 | B8: LAGUNARES | C8: VALENCIA | D8: =+IF(Tabla1[[#This Row],[Tienda]]<>"", IFERROR( VLOOKUP(Tabla1[[#This Row],[Tienda]], Hoja1!A:A, 1, 0), "FALTA TIENDA"), "") -> 11
A9: 14 | B9: GATELLA | C9: ALICANTE | D9: =+IF(Tabla1[[#This Row],[Tienda]]<>"", IFERROR( VLOOKUP(Tabla1[[#This Row],[Tienda]], Hoja1!A:A, 1, 0), "FALTA TIENDA"), "") -> 14
A10: 16 | B10: LA VELLA | C10: ALICANTE | D10: =+IF(Tabla1[[#This Row],[Tienda]]<>"", IFERROR( VLOOKUP(Tabla1[[#This Row],[Tienda]], Hoja1!A:A, 1, 0), "FALTA TIENDA"), "") -> 16
A11: 17 | B11: MONTIVENTO | C11: VALENCIA | D11: =+IF(Tabla1[[#This Row],[Tienda]]<>"", IFERROR( VLOOKUP(Tabla1[[#This Row],[Tienda]], Hoja1!A:A, 1, 0), "FALTA TIENDA"), "") -> 17
A12: 20 | B12: MONTECLARO | C12: ALICANTE | D12: =+IF(Tabla1[[#This Row],[Tienda]]<>"", IFERROR( VLOOKUP(Tabla1[[#This Row],[Tienda]], Hoja1!A:A, 1, 0), "FALTA TIENDA"), "") -> 20
A13: 22 | B13: CALPINA | C13: ALICANTE | D13: =+IF(Tabla1[[#This Row],[Tienda]]<>"", IFERROR( VLOOKUP(Tabla1[[#This Row],[Tienda]], Hoja1!A:A, 1, 0), "FALTA TIENDA"), "") -> 22
A14: 24 | B14: ALTOMAR-PUEBLO | C14: ALICANTE | D14: =+IF(Tabla1[[#This Row],[Tienda]]<>"", IFERROR( VLOOKUP(Tabla1[[#This Row],[Tienda]], Hoja1!A:A, 1, 0), "FALTA TIENDA"), "") -> 24
... A115: 203 | B115: TORRES DEL VALLE | C115: MURCIA | D115: =+IF(Tabla1[[#This Row],[Tienda]]<>"", IFERROR( VLOOKUP(Tabla1[[#This Row],[Tienda]], Hoja1!A:A, 1, 0), "FALTA TIENDA"), "") -> FALTA TIENDA
D116: =+IF(Tabla1[[#This Row],[Tienda]]<>"", IFERROR( VLOOKUP(Tabla1[[#This Row],[Tienda]], Hoja1!A:A, 1, 0), "FALTA TIENDA"), "")
D117: =+IF(Tabla1[[#This Row],[Tienda]]<>"", IFERROR( VLOOKUP(Tabla1[[#This Row],[Tienda]], Hoja1!A:A, 1, 0), "FALTA TIENDA"), "")
D118: =+IF(Tabla1[[#This Row],[Tienda]]<>"", IFERROR( VLOOKUP(Tabla1[[#This Row],[Tienda]], Hoja1!A:A, 1, 0), "FALTA TIENDA"), "")
D119: =+IF(Tabla1[[#This Row],[Tienda]]<>"", IFERROR( VLOOKUP(Tabla1[[#This Row],[Tienda]], Hoja1!A:A, 1, 0), "FALTA TIENDA"), "")
D120: =+IF(Tabla1[[#This Row],[Tienda]]<>"", IFERROR( VLOOKUP(Tabla1[[#This Row],[Tienda]], Hoja1!A:A, 1, 0), "FALTA TIENDA"), "")
D121: =+IF(Tabla1[[#This Row],[Tienda]]<>"", IFERROR( VLOOKUP(Tabla1[[#This Row],[Tienda]], Hoja1!A:A, 1, 0), "FALTA TIENDA"), "")
D122: =+IF(Tabla1[[#This Row],[Tienda]]<>"", IFERROR( VLOOKUP(Tabla1[[#This Row],[Tienda]], Hoja1!A:A, 1, 0), "FALTA TIENDA"), "")
D123: =+IF(Tabla1[[#This Row],[Tienda]]<>"", IFERROR( VLOOKUP(Tabla1[[#This Row],[Tienda]], Hoja1!A:A, 1, 0), "FALTA TIENDA"), "")
D124: =+IF(Tabla1[[#This Row],[Tienda]]<>"", IFERROR( VLOOKUP(Tabla1[[#This Row],[Tienda]], Hoja1!A:A, 1, 0), "FALTA TIENDA"), "")
D125: =+IF(Tabla1[[#This Row],[Tienda]]<>"", IFERROR( VLOOKUP(Tabla1[[#This Row],[Tienda]], Hoja1!A:A, 1, 0), "FALTA TIENDA"), "")
D126: =+IF(Tabla1[[#This Row],[Tienda]]<>"", IFERROR( VLOOKUP(Tabla1[[#This Row],[Tienda]], Hoja1!A:A, 1, 0), "FALTA TIENDA"), "")
D127: =+IF(Tabla1[[#This Row],[Tienda]]<>"", IFERROR( VLOOKUP(Tabla1[[#This Row],[Tienda]], Hoja1!A:A, 1, 0), "FALTA TIENDA"), "")
... D197: =+IF(Tabla1[[#This Row],[Tienda]]<>"", IFERROR( VLOOKUP(Tabla1[[#This Row],[Tienda]], Hoja1!A:A, 1, 0), "FALTA TIENDA"), "")
